<manifest version="1.0" type="device" target-level="3">
    <hal format="hidl">
        <name>android.hardware.audio</name>
        <transport>hwbinder</transport>
        <version>4.0</version>
        <interface>
            <name>IDevicesFactory</name>
            <instance>default</instance>
        </interface>
        <fqname>@4.0::IDevicesFactory/default</fqname>
    </hal>
    <hal format="hidl">
        <name>android.hardware.audio.effect</name>
        <transport>hwbinder</transport>
        <version>4.0</version>
        <interface>
            <name>IEffectsFactory</name>
            <instance>default</instance>
        </interface>
        <fqname>@4.0::IEffectsFactory/default</fqname>
    </hal>
    <hal format="hidl">
        <name>android.hardware.authsecret</name>
        <transport>hwbinder</transport>
        <version>1.0</version>
        <interface>
            <name>IAuthSecret</name>
            <instance>default</instance>
        </interface>
        <fqname>@1.0::IAuthSecret/default</fqname>
    </hal>
    <hal format="hidl">
        <name>android.hardware.biometrics.fingerprint</name>
        <transport>hwbinder</transport>
        <version>2.1</version>
        <interface>
            <name>IBiometricsFingerprint</name>
            <instance>default</instance>
        </interface>
        <fqname>@2.1::IBiometricsFingerprint/default</fqname>
    </hal>
    <hal format="hidl">
        <name>android.hardware.bluetooth</name>
        <transport>hwbinder</transport>
        <version>1.0</version>
        <interface>
            <name>IBluetoothHci</name>
            <instance>default</instance>
        </interface>
        <fqname>@1.0::IBluetoothHci/default</fqname>
    </hal>
    <hal format="hidl">
        <name>android.hardware.bluetooth.a2dp</name>
        <transport>hwbinder</transport>
        <version>1.0</version>
        <interface>
            <name>IBluetoothAudioOffload</name>
            <instance>default</instance>
        </interface>
        <fqname>@1.0::IBluetoothAudioOffload/default</fqname>
    </hal>
    <hal format="hidl">
        <name>android.hardware.boot</name>
        <transport>hwbinder</transport>
        <version>1.0</version>
        <interface>
            <name>IBootControl</name>
            <instance>default</instance>
        </interface>
        <fqname>@1.0::IBootControl/default</fqname>
    </hal>
    <hal format="hidl">
        <name>android.hardware.camera.provider</name>
        <transport>hwbinder</transport>
        <version>2.4</version>
        <interface>
            <name>ICameraProvider</name>
            <instance>legacy/0</instance>
        </interface>
        <fqname>@2.4::ICameraProvider/legacy/0</fqname>
    </hal>
    <hal format="hidl">
        <name>android.hardware.cas</name>
        <transport>hwbinder</transport>
        <version>1.0</version>
        <interface>
            <name>IMediaCasService</name>
            <instance>default</instance>
        </interface>
        <fqname>@1.0::IMediaCasService/default</fqname>
    </hal>
    <hal format="hidl">
        <name>android.hardware.configstore</name>
        <transport>hwbinder</transport>
        <version>1.1</version>
        <interface>
            <name>ISurfaceFlingerConfigs</name>
            <instance>default</instance>
        </interface>
        <fqname>@1.1::ISurfaceFlingerConfigs/default</fqname>
    </hal>
    <hal format="hidl">
        <name>android.hardware.confirmationui</name>
        <transport>hwbinder</transport>
        <version>1.0</version>
        <interface>
            <name>IConfirmationUI</name>
            <instance>default</instance>
        </interface>
        <fqname>@1.0::IConfirmationUI/default</fqname>
    </hal>
    <hal format="hidl">
        <name>android.hardware.contexthub</name>
        <transport>hwbinder</transport>
        <version>1.0</version>
        <interface>
            <name>IContexthub</name>
            <instance>default</instance>
        </interface>
        <fqname>@1.0::IContexthub/default</fqname>
    </hal>
    <hal format="hidl">
        <name>android.hardware.drm</name>
        <transport>hwbinder</transport>
        <version>1.0</version>
        <interface>
            <name>ICryptoFactory</name>
            <instance>default</instance>
        </interface>
        <interface>
            <name>IDrmFactory</name>
            <instance>default</instance>
        </interface>
        <fqname>@1.0::ICryptoFactory/default</fqname>
        <fqname>@1.0::IDrmFactory/default</fqname>
        <fqname>@1.1::ICryptoFactory/clearkey</fqname>
        <fqname>@1.1::ICryptoFactory/widevine</fqname>
        <fqname>@1.1::IDrmFactory/clearkey</fqname>
        <fqname>@1.1::IDrmFactory/widevine</fqname>
    </hal>
    <hal format="hidl">
        <name>android.hardware.dumpstate</name>
        <transport>hwbinder</transport>
        <version>1.0</version>
        <interface>
            <name>IDumpstateDevice</name>
            <instance>default</instance>
        </interface>
        <fqname>@1.0::IDumpstateDevice/default</fqname>
    </hal>
    <hal format="hidl">
        <name>android.hardware.gatekeeper</name>
        <transport>hwbinder</transport>
        <version>1.0</version>
        <interface>
            <name>IGatekeeper</name>
            <instance>default</instance>
        </interface>
        <fqname>@1.0::IGatekeeper/default</fqname>
    </hal>
    <hal format="hidl">
        <name>android.hardware.gnss</name>
        <transport>hwbinder</transport>
        <version>1.1</version>
        <interface>
            <name>IGnss</name>
            <instance>default</instance>
        </interface>
        <fqname>@1.1::IGnss/default</fqname>
    </hal>
    <hal format="hidl">
        <name>android.hardware.graphics.allocator</name>
        <transport>hwbinder</transport>
        <version>2.0</version>
        <interface>
            <name>IAllocator</name>
            <instance>default</instance>
        </interface>
        <fqname>@2.0::IAllocator/default</fqname>
    </hal>
    <hal format="hidl">
        <name>android.hardware.graphics.composer</name>
        <transport>hwbinder</transport>
        <version>2.2</version>
        <interface>
            <name>IComposer</name>
            <instance>default</instance>
        </interface>
        <fqname>@2.2::IComposer/default</fqname>
    </hal>
    <hal format="hidl">
        <name>android.hardware.graphics.mapper</name>
        <transport arch="32+64">passthrough</transport>
        <version>2.1</version>
        <interface>
            <name>IMapper</name>
            <instance>default</instance>
        </interface>
        <fqname>@2.1::IMapper/default</fqname>
    </hal>
    <hal format="hidl">
        <name>android.hardware.health</name>
        <transport>hwbinder</transport>
        <version>2.0</version>
        <interface>
            <name>IHealth</name>
            <instance>default</instance>
        </interface>
        <fqname>@2.0::IHealth/default</fqname>
    </hal>
    <hal format="hidl">
        <name>android.hardware.keymaster</name>
        <transport>hwbinder</transport>
        <version>4.0</version>
        <interface>
            <name>IKeymasterDevice</name>
            <instance>default</instance>
            <instance>strongbox</instance>
        </interface>
        <fqname>@4.0::IKeymasterDevice/default</fqname>
        <fqname>@4.0::IKeymasterDevice/strongbox</fqname>
    </hal>
    <hal format="hidl">
        <name>android.hardware.light</name>
        <transport>hwbinder</transport>
        <version>2.0</version>
        <interface>
            <name>ILight</name>
            <instance>default</instance>
        </interface>
        <fqname>@2.0::ILight/default</fqname>
    </hal>
    <hal format="hidl">
        <name>android.hardware.media.omx</name>
        <transport>hwbinder</transport>
        <version>1.0</version>
        <interface>
            <name>IOmx</name>
            <instance>default</instance>
        </interface>
        <interface>
            <name>IOmxStore</name>
            <instance>default</instance>
        </interface>
        <fqname>@1.0::IOmx/default</fqname>
        <fqname>@1.0::IOmxStore/default</fqname>
    </hal>
    <hal format="hidl">
        <name>android.hardware.memtrack</name>
        <transport>hwbinder</transport>
        <version>1.0</version>
        <interface>
            <name>IMemtrack</name>
            <instance>default</instance>
        </interface>
        <fqname>@1.0::IMemtrack/default</fqname>
    </hal>
    <hal format="hidl">
        <name>android.hardware.neuralnetworks</name>
        <transport>hwbinder</transport>
        <fqname>@1.0::IDevice/paintbox</fqname>
        <fqname>@1.1::IDevice/default</fqname>
    </hal>
    <hal format="hidl">
        <name>android.hardware.nfc</name>
        <transport>hwbinder</transport>
        <version>1.1</version>
        <interface>
            <name>INfc</name>
            <instance>default</instance>
        </interface>
        <fqname>@1.1::INfc/default</fqname>
    </hal>
    <hal format="hidl">
        <name>android.hardware.oemlock</name>
        <transport>hwbinder</transport>
        <version>1.0</version>
        <interface>
            <name>IOemLock</name>
            <instance>default</instance>
        </interface>
        <fqname>@1.0::IOemLock/default</fqname>
    </hal>
    <hal format="hidl">
        <name>android.hardware.power</name>
        <transport>hwbinder</transport>
        <version>1.3</version>
        <interface>
            <name>IPower</name>
            <instance>default</instance>
        </interface>
        <fqname>@1.3::IPower/default</fqname>
    </hal>
    <hal format="hidl">
        <name>android.hardware.radio</name>
        <transport>hwbinder</transport>
        <fqname>@1.2::IRadio/slot1</fqname>
        <fqname>@1.2::ISap/slot1</fqname>
    </hal>
    <hal format="hidl">
        <name>android.hardware.radio.config</name>
        <transport>hwbinder</transport>
        <version>1.0</version>
        <interface>
            <name>IRadioConfig</name>
            <instance>default</instance>
        </interface>
        <fqname>@1.0::IRadioConfig/default</fqname>
    </hal>
    <hal format="hidl">
        <name>android.hardware.renderscript</name>
        <transport arch="32+64">passthrough</transport>
        <version>1.0</version>
        <interface>
            <name>IDevice</name>
            <instance>default</instance>
        </interface>
        <fqname>@1.0::IDevice/default</fqname>
    </hal>
    <hal format="hidl">
        <name>android.hardware.sensors</name>
        <transport>hwbinder</transport>
        <version>1.0</version>
        <interface>
            <name>ISensors</name>
            <instance>default</instance>
        </interface>
        <fqname>@1.0::ISensors/default</fqname>
    </hal>
    <hal format="hidl">
        <name>android.hardware.soundtrigger</name>
        <transport>hwbinder</transport>
        <version>2.1</version>
        <interface>
            <name>ISoundTriggerHw</name>
            <instance>default</instance>
        </interface>
        <fqname>@2.1::ISoundTriggerHw/default</fqname>
    </hal>
    <hal format="hidl">
        <name>android.hardware.tetheroffload.config</name>
        <transport>hwbinder</transport>
        <version>1.0</version>
        <interface>
            <name>IOffloadConfig</name>
            <instance>default</instance>
        </interface>
        <fqname>@1.0::IOffloadConfig/default</fqname>
    </hal>
    <hal format="hidl">
        <name>android.hardware.tetheroffload.control</name>
        <transport>hwbinder</transport>
        <version>1.0</version>
        <interface>
            <name>IOffloadControl</name>
            <instance>default</instance>
        </interface>
        <fqname>@1.0::IOffloadControl/default</fqname>
    </hal>
    <hal format="hidl">
        <name>android.hardware.thermal</name>
        <transport>hwbinder</transport>
        <version>1.1</version>
        <interface>
            <name>IThermal</name>
            <instance>default</instance>
        </interface>
        <fqname>@1.1::IThermal/default</fqname>
    </hal>
    <hal format="hidl">
        <name>android.hardware.usb</name>
        <transport>hwbinder</transport>
        <version>1.1</version>
        <interface>
            <name>IUsb</name>
            <instance>default</instance>
        </interface>
        <fqname>@1.1::IUsb/default</fqname>
    </hal>
    <hal format="hidl">
        <name>android.hardware.usb.gadget</name>
        <transport>hwbinder</transport>
        <version>1.0</version>
        <interface>
            <name>IUsbGadget</name>
            <instance>default</instance>
        </interface>
        <fqname>@1.0::IUsbGadget/default</fqname>
    </hal>
    <hal format="hidl">
        <name>android.hardware.vibrator</name>
        <transport>hwbinder</transport>
        <version>1.2</version>
        <interface>
            <name>IVibrator</name>
            <instance>default</instance>
        </interface>
        <fqname>@1.2::IVibrator/default</fqname>
    </hal>
    <hal format="hidl">
        <name>android.hardware.vr</name>
        <transport>hwbinder</transport>
        <version>1.0</version>
        <interface>
            <name>IVr</name>
            <instance>default</instance>
        </interface>
        <fqname>@1.0::IVr/default</fqname>
    </hal>
    <hal format="hidl">
        <name>android.hardware.weaver</name>
        <transport>hwbinder</transport>
        <version>1.0</version>
        <interface>
            <name>IWeaver</name>
            <instance>default</instance>
        </interface>
        <fqname>@1.0::IWeaver/default</fqname>
    </hal>
    <hal format="hidl">
        <name>android.hardware.wifi</name>
        <transport>hwbinder</transport>
        <version>1.2</version>
        <interface>
            <name>IWifi</name>
            <instance>default</instance>
        </interface>
        <fqname>@1.2::IWifi/default</fqname>
    </hal>
    <hal format="hidl">
        <name>android.hardware.wifi.hostapd</name>
        <transport>hwbinder</transport>
        <version>1.0</version>
        <interface>
            <name>IHostapd</name>
            <instance>default</instance>
        </interface>
        <fqname>@1.0::IHostapd/default</fqname>
    </hal>
    <hal format="hidl">
        <name>android.hardware.wifi.supplicant</name>
        <transport>hwbinder</transport>
        <version>1.1</version>
        <interface>
            <name>ISupplicant</name>
            <instance>default</instance>
        </interface>
        <fqname>@1.1::ISupplicant/default</fqname>
    </hal>
    <hal format="hidl">
        <name>com.qualcomm.qti.uceservice</name>
        <transport>hwbinder</transport>
        <version>2.0</version>
        <interface>
            <name>IUceService</name>
            <instance>com.qualcomm.qti.uceservice</instance>
        </interface>
        <fqname>@2.0::IUceService/com.qualcomm.qti.uceservice</fqname>
    </hal>
    <hal format="hidl">
        <name>com.quicinc.cne.api</name>
        <transport>hwbinder</transport>
        <version>1.1</version>
        <interface>
            <name>IApiService</name>
            <instance>cnd</instance>
        </interface>
        <fqname>@1.1::IApiService/cnd</fqname>
    </hal>
    <hal format="hidl">
        <name>com.quicinc.cne.server</name>
        <transport>hwbinder</transport>
        <version>2.1</version>
        <interface>
            <name>IServer</name>
            <instance>cnd</instance>
        </interface>
        <fqname>@2.1::IServer/cnd</fqname>
    </hal>
    <hal format="hidl">
        <name>hardware.google.light</name>
        <transport>hwbinder</transport>
        <version>1.0</version>
        <interface>
            <name>ILight</name>
            <instance>default</instance>
        </interface>
        <fqname>@1.0::ILight/default</fqname>
    </hal>
    <hal format="hidl">
        <name>hardware.google.media.c2</name>
        <transport>hwbinder</transport>
        <version>1.0</version>
        <interface>
            <name>IComponentStore</name>
            <instance>default</instance>
            <instance>software</instance>
        </interface>
        <interface>
            <name>IConfigurable</name>
            <instance>default</instance>
            <instance>software</instance>
        </interface>
        <fqname>@1.0::IComponentStore/default</fqname>
        <fqname>@1.0::IComponentStore/software</fqname>
        <fqname>@1.0::IConfigurable/default</fqname>
        <fqname>@1.0::IConfigurable/software</fqname>
    </hal>
    <hal format="hidl">
        <name>vendor.display.config</name>
        <transport>hwbinder</transport>
        <version>1.0</version>
        <interface>
            <name>IDisplayConfig</name>
            <instance>default</instance>
        </interface>
        <fqname>@1.0::IDisplayConfig/default</fqname>
    </hal>
    <hal format="hidl">
        <name>vendor.google.radioext</name>
        <transport>hwbinder</transport>
        <version>1.0</version>
        <interface>
            <name>IRadioExt</name>
            <instance>default</instance>
        </interface>
        <fqname>@1.0::IRadioExt/default</fqname>
    </hal>
    <hal format="hidl">
        <name>vendor.google.wireless_charger</name>
        <transport>hwbinder</transport>
        <version>1.0</version>
        <interface>
            <name>IWirelessCharger</name>
            <instance>default</instance>
        </interface>
        <fqname>@1.0::IWirelessCharger/default</fqname>
    </hal>
    <hal format="hidl">
        <name>vendor.google_paintbox</name>
        <transport>hwbinder</transport>
        <version>1.0</version>
        <interface>
            <name>IManagerService</name>
            <instance>default</instance>
        </interface>
        <fqname>@1.0::IManagerService/default</fqname>
    </hal>
    <hal format="hidl">
        <name>vendor.nxp.nxpnfc</name>
        <transport>hwbinder</transport>
        <version>1.0</version>
        <interface>
            <name>INxpNfc</name>
            <instance>default</instance>
        </interface>
        <fqname>@1.0::INxpNfc/default</fqname>
    </hal>
    <hal format="hidl">
        <name>vendor.qti.hardware.radio.am</name>
        <transport>hwbinder</transport>
        <version>1.0</version>
        <interface>
            <name>IQcRilAudio</name>
            <instance>slot1</instance>
        </interface>
        <fqname>@1.0::IQcRilAudio/slot1</fqname>
    </hal>
    <hal format="hidl">
        <name>vendor.qti.hardware.radio.ims</name>
        <transport>hwbinder</transport>
        <version>1.2</version>
        <interface>
            <name>IImsRadio</name>
            <instance>imsradio0</instance>
        </interface>
        <fqname>@1.2::IImsRadio/imsradio0</fqname>
    </hal>
    <hal format="hidl">
        <name>vendor.qti.hardware.radio.lpa</name>
        <transport>hwbinder</transport>
        <version>1.0</version>
        <interface>
            <name>IUimLpa</name>
            <instance>UimLpa0</instance>
        </interface>
        <fqname>@1.0::IUimLpa/UimLpa0</fqname>
    </hal>
    <hal format="hidl">
        <name>vendor.qti.hardware.radio.qcrilhook</name>
        <transport>hwbinder</transport>
        <version>1.0</version>
        <interface>
            <name>IQtiOemHook</name>
            <instance>oemhook0</instance>
        </interface>
        <fqname>@1.0::IQtiOemHook/oemhook0</fqname>
    </hal>
    <hal format="hidl">
        <name>vendor.qti.hardware.radio.uim</name>
        <transport>hwbinder</transport>
        <version>1.0</version>
        <interface>
            <name>IUim</name>
            <instance>Uim0</instance>
        </interface>
        <fqname>@1.0::IUim/Uim0</fqname>
    </hal>
    <hal format="hidl">
        <name>vendor.qti.hardware.radio.uim_remote_client</name>
        <transport>hwbinder</transport>
        <version>1.0</version>
        <interface>
            <name>IUimRemoteServiceClient</name>
            <instance>uimRemoteClient0</instance>
        </interface>
        <fqname>@1.0::IUimRemoteServiceClient/uimRemoteClient0</fqname>
    </hal>
    <hal format="hidl">
        <name>vendor.qti.hardware.radio.uim_remote_server</name>
        <transport>hwbinder</transport>
        <version>1.0</version>
        <interface>
            <name>IUimRemoteServiceServer</name>
            <instance>uimRemoteServer0</instance>
        </interface>
        <fqname>@1.0::IUimRemoteServiceServer/uimRemoteServer0</fqname>
    </hal>
    <hal format="hidl">
        <name>vendor.qti.hardware.tui_comm</name>
        <transport>hwbinder</transport>
        <version>1.0</version>
        <interface>
            <name>ITuiComm</name>
            <instance>default</instance>
        </interface>
        <fqname>@1.0::ITuiComm/default</fqname>
    </hal>
    <hal format="hidl">
        <name>vendor.qti.ims.callinfo</name>
        <transport>hwbinder</transport>
        <version>1.0</version>
        <interface>
            <name>IService</name>
            <instance>default</instance>
        </interface>
        <fqname>@1.0::IService/default</fqname>
    </hal>
    <hal format="hidl">
        <name>vendor.qti.imsrtpservice</name>
        <transport>hwbinder</transport>
        <version>1.0</version>
        <interface>
            <name>IRTPService</name>
            <instance>imsrtpservice</instance>
        </interface>
        <fqname>@1.0::IRTPService/imsrtpservice</fqname>
    </hal>
    <sepolicy>
        <version>28.0</version>
    </sepolicy>
</manifest>
